i,version,cwes,analysis_s,s_per_cwe,date
1,0.3.25,68,9085.6,133.6,2026-03-20
2,0.3.26,68,9056.9,133.2,2026-03-20
3,0.3.28,68,10588.3,155.7,2026-03-21
4,0.3.29,68,9342.6,137.4,2026-03-21
5,0.3.30,68,11892.1,174.9,2026-03-22
6,0.3.31,68,13318.0,195.9,2026-03-22
7,0.3.32,68,11926.5,175.4,2026-03-22
8,0.3.33,68,13211.7,194.3,2026-03-23
9,0.3.34,68,13287.7,195.4,2026-03-23
10,0.3.37,68,8987.6,132.2,2026-03-23
11,0.3.38,68,8862.4,130.3,2026-03-24
12,0.3.39,68,11873.9,174.6,2026-03-24
13,0.3.42,68,8874.9,130.5,2026-03-25
14,0.3.44,69,13452.1,195.0,2026-03-26
15,0.3.45,69,8968.7,130.0,2026-03-28
16,0.3.46,69,8973.1,130.0,2026-03-29
17,0.3.47,69,8970.5,130.0,2026-03-29
18,0.3.48,69,9011.7,130.6,2026-03-30
19,0.3.49,69,9114.5,132.1,2026-03-30
20,0.3.50,69,9523.7,138.0,2026-03-30
21,0.3.51,70,9191.5,131.3,2026-03-30
22,0.3.52,70,9305.0,132.9,2026-03-31
23,0.3.53,70,20201.2,288.6,2026-03-31
24,0.3.55,70,20874.0,298.2,2026-03-31
25,0.3.56,70,16115.0,230.2,2026-04-01
26,0.3.58,73,16780.6,229.9,2026-04-01
27,0.3.59,74,16866.0,227.9,2026-04-01
28,0.3.60,74,16935.4,228.9,2026-04-01
29,0.3.63,74,17011.8,229.9,2026-04-02
30,0.3.67,74,2000.3,27.0,2026-04-02
31,0.3.68,74,1946.5,26.3,2026-04-02
32,0.3.69,74,2087.8,28.2,2026-04-02
33,0.3.70,74,1960.1,26.5,2026-04-03
34,0.3.71,74,1907.2,25.8,2026-04-03
35,0.3.72,74,2060.2,27.8,2026-04-03
36,0.3.73,74,1914.5,25.9,2026-04-03
37,0.3.74,74,2258.7,30.5,2026-04-03
38,0.3.76,74,2342.5,31.7,2026-04-04
39,0.3.77,74,2394.1,32.4,2026-04-04
40,0.3.78,74,2204.1,29.8,2026-04-04
41,0.3.79,74,2326.1,31.4,2026-04-05
42,0.3.80,74,2276.8,30.8,2026-04-05
43,0.3.81,74,2338.6,31.6,2026-04-05
44,0.3.82,74,2324.9,31.4,2026-04-05
45,0.3.83,74,2338.9,31.6,2026-04-05
46,0.3.84,74,2362.5,31.9,2026-04-05
47,0.3.85,74,2319.6,31.3,2026-04-06
48,0.3.86,74,2792.4,37.7,2026-04-06
49,0.3.88,74,2840.9,38.4,2026-04-14
50,0.3.89,74,4452.8,60.2,2026-04-17
51,0.3.90,74,4158.2,56.2,2026-04-17
52,0.3.91,74,4332.9,58.6,2026-04-17
53,0.3.92,74,4493.0,60.7,2026-04-17
54,0.3.93,74,4484.5,60.6,2026-04-17
55,0.3.94,74,2836.3,38.3,2026-04-18
56,0.3.95,74,4090.1,55.3,2026-04-18
57,0.3.96,74,5343.4,72.2,2026-04-18
58,0.3.97,74,5302.4,71.7,2026-04-19
59,0.3.98,74,7289.5,98.5,2026-04-19
60,0.3.99,74,5453.2,73.7,2026-04-19
61,0.3.100,74,6713.1,90.7,2026-04-19
62,0.3.101,74,6759.1,91.3,2026-04-19
63,0.3.102,74,8876.6,120.0,2026-04-20
64,0.3.103,74,7975.8,107.8,2026-04-20
65,0.3.112,74,8060.1,108.9,2026-04-28
66,0.3.113,74,8070.2,109.1,2026-04-28
67,0.3.114,74,8041.5,108.7,2026-04-28
68,0.3.115,74,8026.2,108.5,2026-04-29
69,0.3.117,74,8252.3,111.5,2026-04-29
70,0.4.2,74,8895.2,120.2,2026-05-15
71,0.4.3,74,8953.7,121.0,2026-05-15
72,0.4.4,74,8762.3,118.4,2026-05-15
73,0.4.5,74,8834.8,119.4,2026-05-16
74,0.4.6,74,8814.8,119.1,2026-05-16
75,0.4.7,74,8850.2,119.6,2026-05-17
76,0.4.8,74,8968.8,121.2,2026-05-17
77,0.4.9,74,9021.1,121.9,2026-05-17
78,0.4.10,74,8946.1,120.9,2026-05-17
79,0.4.12,74,9004.7,121.7,2026-05-19
80,0.4.13,74,8962.8,121.1,2026-05-20
81,0.4.14,74,9051.6,122.3,2026-05-24
82,0.4.15,74,8877.7,120.0,2026-05-25
83,0.4.16,74,8772.0,118.5,2026-06-09
84,0.4.17,74,8752.5,118.3,2026-06-09
85,0.4.18,74,9090.4,122.8,2026-06-10
86,0.4.19,74,8761.1,118.4,2026-06-10
87,0.4.20,74,8850.6,119.6,2026-06-10
88,0.4.21,74,8895.9,120.2,2026-06-10
89,0.4.22,74,8923.2,120.6,2026-06-10
90,0.4.23,74,8927.3,120.6,2026-06-11
91,0.4.24,74,8906.6,120.4,2026-06-11
92,0.4.26,74,9002.5,121.7,2026-06-15
93,0.4.29,74,9521.8,128.7,2026-06-15
94,0.4.30,74,9632.2,130.2,2026-06-15
95,0.4.31,74,9554.5,129.1,2026-06-15
96,0.4.32,74,9608.3,129.8,2026-06-15
97,0.4.33,74,9639.6,130.3,2026-06-15
98,0.4.34,74,9565.9,129.3,2026-06-16
99,0.4.36,74,9021.2,121.9,2026-06-16
100,0.4.37,74,9275.1,125.3,2026-06-17
101,0.4.38,74,9251.6,125.0,2026-06-17
102,0.4.39,74,9329.2,126.1,2026-06-17
103,0.4.40,74,9337.3,126.2,2026-06-17
104,0.4.41,74,9444.5,127.6,2026-06-17
105,0.4.42,74,9646.3,130.4,2026-06-18
106,0.4.43,74,9002.6,121.7,2026-06-18
107,0.4.44,74,9523.1,128.7,2026-06-18
108,0.4.45,74,9560.9,129.2,2026-06-18
